# Armaly et al., JFM 127 (1983) 473-496 -- PREDICTED (TEACH FD code)
# primary reattachment length x1, normalised by STEP height S = 4.9 mm
# Re = V*2h/nu, V = average inlet velocity, h = inlet height 5.2 mm
# pixel-extracted at 600 dpi by reference/armaly_digitize.py
# 2-D flow only for Re < 400 (paper p.474)
Re,x1_over_S
29.58,1.2744
30.23,1.3014
30.89,1.3014
31.55,1.3217
32.20,1.3217
32.86,1.3758
33.52,1.3758
34.18,1.5042
34.83,1.5042
35.49,1.5245
36.15,1.5245
36.80,1.5515
37.46,1.5515
38.12,1.5921
38.78,1.5921
39.43,1.6259
40.09,1.6259
40.75,1.6462
41.41,1.6462
42.06,1.6530
42.72,1.6530
43.38,1.6732
44.03,1.6732
44.69,1.7003
45.35,1.7003
46.01,1.8693
46.66,1.8693
47.32,1.8896
47.98,1.8896
48.63,1.9031
49.29,1.9031
49.95,1.9234
50.61,1.9234
51.26,1.9437
51.92,1.9437
52.58,1.9707
53.24,1.9707
53.89,2.0045
54.55,2.0045
55.21,2.0451
55.86,2.0451
56.52,2.0721
57.18,2.0721
57.84,2.1059
58.49,2.1059
59.15,2.1262
59.81,2.1262
60.47,2.1735
61.12,2.1735
61.78,2.2073
62.44,2.2073
63.09,2.2411
63.75,2.2411
64.41,2.2817
65.07,2.2817
65.72,2.3155
66.38,2.3155
67.04,2.3425
67.69,2.3425
68.35,2.3763
69.01,2.3763
69.67,2.4169
70.32,2.4169
70.98,2.4372
71.64,2.4372
72.30,2.4777
72.95,2.4777
73.61,2.5115
74.27,2.5115
74.92,2.5386
75.58,2.5386
76.24,2.5656
76.90,2.5656
77.55,2.6062
78.21,2.6062
78.87,2.6332
79.52,2.6332
80.18,2.6670
80.84,2.6670
81.50,2.6941
82.15,2.6941
82.81,2.7211
83.47,2.7211
84.13,2.7549
84.78,2.7549
85.44,2.7752
86.10,2.7752
86.75,2.7887
87.41,2.7887
88.07,2.8361
88.73,2.8361
89.38,2.8766
90.04,2.8766
90.70,2.8969
91.35,2.8969
92.01,2.9239
92.67,2.9239
93.33,2.9645
93.98,2.9645
94.64,2.9848
95.30,2.9848
95.96,3.0051
96.61,3.0051
97.27,3.0389
97.93,3.0389
98.58,3.0727
99.24,3.0727
99.90,3.0997
100.56,3.0997
101.21,3.1335
101.87,3.1335
102.53,3.1673
103.19,3.1673
103.84,3.1944
104.50,3.1944
105.16,3.2146
105.81,3.2146
106.47,3.2417
107.13,3.2417
107.79,3.2687
108.44,3.2687
109.10,3.3025
109.76,3.3025
110.41,3.3296
111.07,3.3296
111.73,3.3566
112.39,3.3566
113.04,3.3769
113.70,3.3769
114.36,3.4107
115.02,3.4107
115.67,3.4377
116.33,3.4377
116.99,3.4715
117.64,3.4715
118.30,3.4986
118.96,3.4986
119.62,3.5256
120.27,3.5256
120.93,3.5459
121.59,3.5459
122.24,3.5797
122.90,3.5797
123.56,3.6068
124.22,3.6068
124.87,3.6338
125.53,3.6338
126.19,3.6608
126.85,3.6608
127.50,3.6811
128.16,3.6811
128.82,3.7082
129.47,3.7082
130.13,3.7352
130.79,3.7352
131.45,3.7623
132.10,3.7623
132.76,3.7825
133.42,3.7825
134.07,3.8096
134.73,3.8096
135.39,3.8299
136.05,3.8299
136.70,3.8501
137.36,3.8501
138.02,3.8839
138.68,3.8839
139.33,3.9110
139.99,3.9110
140.65,3.9313
141.30,3.9313
141.96,3.9583
142.62,3.9583
143.28,3.9854
143.93,3.9854
144.59,4.0192
145.25,4.0192
145.90,4.0597
146.56,4.0597
147.22,4.0868
147.88,4.0868
148.53,4.1206
149.19,4.1206
149.85,4.1341
150.51,4.1341
151.16,4.1679
151.82,4.1679
152.48,4.2152
153.13,4.2152
153.79,5.2361
154.45,5.2361
155.11,4.2625
155.76,4.2625
156.42,4.7493
157.08,4.7493
157.74,5.1887
158.39,5.1887
159.05,4.3437
159.71,4.3437
160.36,4.3504
161.02,4.3504
161.68,4.3707
162.34,4.3707
162.99,4.4045
163.65,4.4045
164.31,4.4180
164.96,4.4180
165.62,4.4113
166.28,4.4113
166.94,4.4383
167.59,4.4383
168.25,4.4586
168.91,4.4586
169.57,4.4856
170.22,4.4856
170.88,4.5127
171.54,4.5127
172.19,4.5330
172.85,4.5330
173.51,4.5532
174.17,4.5532
174.82,4.5803
175.48,4.5803
176.14,4.6141
176.79,4.6141
177.45,4.6749
178.11,4.6749
178.77,5.0941
179.42,5.0941
180.08,5.0941
180.74,5.0941
181.40,4.9183
182.05,4.9183
182.71,4.7425
183.37,4.7425
184.02,4.7425
184.68,4.7425
185.34,4.7628
186.00,4.7628
186.65,4.7899
187.31,4.7899
187.97,4.8169
188.62,4.8169
189.28,4.8439
189.94,4.8439
190.60,4.8710
191.25,4.8710
191.91,4.8980
192.57,4.8980
193.23,4.9251
193.88,4.9251
194.54,4.9454
195.20,4.9454
195.85,4.9589
196.51,4.9589
197.17,4.9927
197.83,4.9927
198.48,5.0130
199.14,5.0130
199.80,5.0332
200.46,5.0332
201.11,5.0603
201.77,5.0603
202.43,5.0873
203.08,5.0873
203.74,5.1076
204.40,5.1076
205.06,5.1279
205.71,5.1279
206.37,5.1549
207.03,5.1549
207.68,5.1820
208.34,5.1820
209.00,5.2090
209.66,5.2090
210.31,5.2361
210.97,5.2361
211.63,5.2563
212.29,5.2563
212.94,5.2766
213.60,5.2766
214.26,5.3037
214.91,5.3037
215.57,5.3307
216.23,5.3307
216.89,5.3577
217.54,5.3577
218.20,5.3848
218.86,5.3848
219.51,5.4118
220.17,5.4118
220.83,5.4321
221.49,5.4321
222.14,5.4524
222.80,5.4524
223.46,5.4727
224.12,5.4727
224.77,5.4997
225.43,5.4997
226.09,5.5200
226.74,5.5200
227.40,5.5470
228.06,5.5470
228.72,5.5606
229.37,5.5606
230.03,5.5876
230.69,5.5876
231.34,5.6146
232.00,5.6146
232.66,5.6417
233.32,5.6417
233.97,5.6687
234.63,5.6687
235.29,5.6890
235.95,5.6890
236.60,5.7161
237.26,5.7161
237.92,5.7363
238.57,5.7363
239.23,5.7634
239.89,5.7634
240.55,5.7904
241.20,5.7904
241.86,5.8107
242.52,5.8107
243.17,5.8242
243.83,5.8242
244.49,5.8513
245.15,5.8513
245.80,5.8783
246.46,5.8783
247.12,5.8986
247.78,5.8986
248.43,5.9256
249.09,5.9256
249.75,5.9459
250.40,5.9459
251.06,5.9662
251.72,5.9662
252.38,5.9932
253.03,5.9932
253.69,6.0135
254.35,6.0135
255.01,6.0338
255.66,6.0338
256.32,6.0541
256.98,6.0541
257.63,6.0811
258.29,6.0811
258.95,6.1014
259.61,6.1014
260.26,6.1217
260.92,6.1217
261.58,6.1420
262.23,6.1420
262.89,6.1690
263.55,6.1690
264.21,6.1961
264.86,6.1961
265.52,6.2231
266.18,6.2231
266.84,6.2501
267.49,6.2501
268.15,6.2704
268.81,6.2704
269.46,6.2907
270.12,6.2907
270.78,6.3042
271.44,6.3042
272.09,6.3313
272.75,6.3313
273.41,6.3515
274.06,6.3515
274.72,6.3718
275.38,6.3718
276.04,6.3921
276.69,6.3921
277.35,6.4056
278.01,6.4056
278.67,6.4327
279.32,6.4327
279.98,6.4530
280.64,6.4530
281.29,6.4800
281.95,6.4800
282.61,6.5003
283.27,6.5003
283.92,6.5273
284.58,6.5273
285.24,6.5476
285.89,6.5476
286.55,6.5679
287.21,6.5679
287.87,6.5949
288.52,6.5949
289.18,6.6152
289.84,6.6152
290.50,6.6287
291.15,6.6287
291.81,6.6558
292.47,6.6558
293.12,6.6828
293.78,6.6828
294.44,6.6963
295.10,6.6963
295.75,6.7166
296.41,6.7166
297.07,6.7369
297.72,6.7369
298.38,6.7572
299.04,6.7572
299.70,6.7842
300.35,6.7842
301.01,6.8045
301.67,6.8045
302.33,6.8180
302.98,6.8180
303.64,6.8383
304.30,6.8383
304.95,6.8586
305.61,6.8586
306.27,6.8856
306.93,6.8856
307.58,6.8924
308.24,6.8924
308.90,6.9194
309.56,6.9194
310.21,6.9330
310.87,6.9330
311.53,6.9600
312.18,6.9600
312.84,6.9803
313.50,6.9803
314.16,7.0006
314.81,7.0006
315.47,7.0276
316.13,7.0276
316.78,7.0411
317.44,7.0411
318.10,7.0682
318.76,7.0682
319.41,7.0885
320.07,7.0885
320.73,7.1087
321.39,7.1087
322.04,7.1223
322.70,7.1223
323.36,7.1358
324.01,7.1358
324.67,7.1561
325.33,7.1561
325.99,7.1831
326.64,7.1831
327.30,7.1966
327.96,7.1966
328.61,7.2169
329.27,7.2169
329.93,7.2304
330.59,7.2304
331.24,7.2575
331.90,7.2575
332.56,7.2777
333.22,7.2777
333.87,7.2980
334.53,7.2980
335.19,7.3115
335.84,7.3115
336.50,7.3318
337.16,7.3318
337.82,7.3521
338.47,7.3521
339.13,7.3792
339.79,7.3792
340.44,7.3859
341.10,7.3859
341.76,7.4062
342.42,7.4062
343.07,7.4197
343.73,7.4197
344.39,7.4400
345.05,7.4400
345.70,7.4603
346.36,7.4603
347.02,7.4738
347.67,7.4738
348.33,7.4941
348.99,7.4941
349.65,7.5144
350.30,7.5144
350.96,7.5279
351.62,7.5279
352.28,7.5549
352.93,7.5549
353.59,7.5685
354.25,7.5685
354.90,7.5887
355.56,7.5887
356.22,7.6023
356.88,7.6023
357.53,7.6158
358.19,7.6158
358.85,7.6293
359.50,7.6293
360.16,7.6496
360.82,7.6496
361.48,7.6699
362.13,7.6699
362.79,7.6766
363.45,7.6766
364.11,7.6901
364.76,7.6901
365.42,7.7172
366.08,7.7172
366.73,7.7307
367.39,7.7307
368.05,7.7442
368.71,7.7442
369.36,7.7577
370.02,7.7577
370.68,7.7848
371.33,7.7848
371.99,7.7983
372.65,7.7983
373.31,7.8118
373.96,7.8118
374.62,7.8389
375.28,7.8389
375.94,7.8524
376.59,7.8524
377.25,7.8659
377.91,7.8659
378.56,7.8727
379.22,7.8727
379.88,7.8997
380.54,7.8997
381.19,7.9132
381.85,7.9132
382.51,7.9268
383.16,7.9268
383.82,7.9335
384.48,7.9335
385.14,7.9470
385.79,7.9470
386.45,7.9606
387.11,7.9606
387.77,7.9808
388.42,7.9808
389.08,8.0011
389.74,8.0011
390.39,8.0146
391.05,8.0146
391.71,8.0282
392.37,8.0282
393.02,8.0417
393.68,8.0417
394.34,8.0552
394.99,8.0552
395.65,8.0620
396.31,8.0620
396.97,8.0755
397.62,8.0755
398.28,8.0890
398.94,8.0890
399.60,8.1025
400.25,8.1025
400.91,8.1161
401.57,8.1161
402.22,8.1228
402.88,8.1228
403.54,8.1431
404.20,8.1431
404.85,8.1566
405.51,8.1566
406.17,8.1634
406.83,8.1634
407.48,8.1837
408.14,8.1837
408.80,8.1972
409.45,8.1972
410.11,8.2107
410.77,8.2107
411.43,8.2242
412.08,8.2242
412.74,8.2377
413.40,8.2377
414.05,8.2445
414.71,8.2445
415.37,8.2648
416.03,8.2648
416.68,8.2783
417.34,8.2783
418.00,8.2918
418.66,8.2918
419.31,8.2986
419.97,8.2986
420.63,8.0011
421.28,8.0011
421.94,7.9876
422.60,7.9876
423.26,8.0146
423.91,8.0146
424.57,8.0417
425.23,8.0417
425.88,8.0349
426.54,8.0349
427.20,8.0552
427.86,8.0552
428.51,8.1701
429.17,8.1701
429.83,8.2513
430.49,8.2513
431.14,8.3256
431.80,8.3256
432.46,8.3797
433.11,8.3797
433.77,8.4406
434.43,8.4406
435.09,8.4811
435.74,8.4811
436.40,8.5217
437.06,8.5217
437.71,8.5690
438.37,8.5690
439.03,8.6434
439.69,8.6434
440.34,8.6907
441.00,8.6907
441.66,8.6096
442.32,8.6096
442.97,8.5014
443.63,8.5014
444.29,8.5014
444.94,8.5014
445.60,8.5082
446.26,8.5082
446.92,8.4879
447.57,8.4879
448.23,8.4946
448.89,8.4946
449.54,8.4879
450.20,8.4879
450.86,8.4608
451.52,8.4608
452.17,7.3386
452.83,7.3386
453.49,7.9065
454.15,7.9065
454.80,7.3115
455.46,7.3115
456.12,7.2980
456.77,7.2980
457.43,7.2913
458.09,7.2913
458.75,7.2642
459.40,7.2642
460.06,7.8862
460.72,7.8862
461.38,7.8862
462.03,7.8862
462.69,7.8862
463.35,7.8862
464.00,7.8862
464.66,7.8862
465.32,7.8862
465.98,7.8862
466.63,8.5690
467.29,8.5690
467.95,7.8794
468.60,7.8794
469.26,8.5961
469.92,8.5961
470.58,7.8794
471.23,7.8794
471.89,7.1493
472.55,7.1493
473.21,7.1358
473.86,7.1358
474.52,7.8727
475.18,7.8727
475.83,7.8727
476.49,7.8727
477.15,7.8727
477.81,7.8727
478.46,8.6434
479.12,8.6434
