# Gartling (1990) BFS benchmark, Re = 800, digitised from Chan & Mittal
# fig.3; station x = 7; interpolated to a uniform y grid
y,u,v,omega
-0.5000,0.0500201,-0.000122871,-4.90043
-0.4950,0.0500201,-0.000145563,-4.90043
-0.4900,0.0727038,-0.000194646,-4.84747
-0.4850,0.0989883,-0.00026391,-4.77154
-0.4800,0.122492,-0.000353987,-4.68863
-0.4750,0.143782,-0.000465477,-4.60056
-0.4700,0.163427,-0.000597998,-4.50921
-0.4650,0.182017,-0.000752282,-4.41648
-0.4600,0.200124,-0.000928772,-4.3242
-0.4550,0.2191,-0.00112714,-4.23469
-0.4500,0.240371,-0.00134823,-4.15415
-0.4450,0.264402,-0.00158597,-4.06826
-0.4400,0.289488,-0.00184992,-3.99071
-0.4350,0.312031,-0.00214157,-3.9385
-0.4300,0.332948,-0.00246612,-3.89588
-0.4250,0.350233,-0.00282148,-3.87089
-0.4200,0.367663,-0.00321281,-3.83253
-0.4150,0.389225,-0.00363027,-3.788
-0.4100,0.409965,-0.00406479,-3.74726
-0.4050,0.429908,-0.00451771,-3.71531
-0.4000,0.445447,-0.00498228,-3.69683
-0.3950,0.456529,-0.00546206,-3.68667
-0.3900,0.470259,-0.00596849,-3.67371
-0.3850,0.486169,-0.0064897,-3.65725
-0.3800,0.50751,-0.00702147,-3.64486
-0.3750,0.53015,-0.00755646,-3.63091
-0.3700,0.553304,-0.00807571,-3.61874
-0.3650,0.574614,-0.00859666,-3.61085
-0.3600,0.592785,-0.0091128,-3.61117
-0.3550,0.609386,-0.00963399,-3.60612
-0.3500,0.621681,-0.0101483,-3.60105
-0.3450,0.641153,-0.0106667,-3.58441
-0.3400,0.660431,-0.0111962,-3.56066
-0.3350,0.680049,-0.0117109,-3.53337
-0.3300,0.698247,-0.0122139,-3.50504
-0.3250,0.713047,-0.0127173,-3.48377
-0.3200,0.727507,-0.0132005,-3.4575
-0.3150,0.743754,-0.0136528,-3.42613
-0.3100,0.762016,-0.0140713,-3.38848
-0.3050,0.781688,-0.0144571,-3.34592
-0.3000,0.801148,-0.0148308,-3.30254
-0.2950,0.817913,-0.0151924,-3.25907
-0.2900,0.834824,-0.0155297,-3.20426
-0.2850,0.849761,-0.015851,-3.14529
-0.2800,0.864731,-0.016161,-3.08239
-0.2750,0.88274,-0.0164591,-3.00249
-0.2700,0.899958,-0.0167363,-2.93307
-0.2650,0.916086,-0.0169894,-2.85309
-0.2600,0.931558,-0.0172292,-2.76527
-0.2550,0.945448,-0.0174459,-2.69275
-0.2500,0.95602,-0.0176389,-2.61352
-0.2450,0.967347,-0.0178174,-2.54574
-0.2400,0.977065,-0.0179805,-2.4701
-0.2350,0.988865,-0.0181486,-2.37464
-0.2300,1.00019,-0.0182874,-2.27082
-0.2250,1.01108,-0.0183871,-2.16545
-0.2200,1.02211,-0.0184738,-2.05981
-0.2150,1.0321,-0.0185633,-1.96178
-0.2100,1.04079,-0.0186465,-1.87002
-0.2050,1.04826,-0.0187392,-1.76624
-0.2000,1.05595,-0.0188398,-1.64978
-0.1950,1.06317,-0.0189183,-1.52654
-0.1900,1.07279,-0.0189481,-1.3774
-0.1850,1.08256,-0.0189441,-1.23715
-0.1800,1.09016,-0.018934,-1.1078
-0.1750,1.0971,-0.0189011,-0.986992
-0.1700,1.10307,-0.0188447,-0.890257
-0.1650,1.11034,-0.0187667,-0.747463
-0.1600,1.11621,-0.0186722,-0.60367
-0.1550,1.11997,-0.0186005,-0.462232
-0.1500,1.12237,-0.0185169,-0.337581
-0.1450,1.12307,-0.0184045,-0.233948
-0.1400,1.12263,-0.0182885,-0.115687
-0.1350,1.12123,-0.0181706,0.00153638
-0.1300,1.12014,-0.0180487,0.162739
-0.1250,1.11851,-0.0179072,0.331642
-0.1200,1.11692,-0.0177424,0.512288
-0.1150,1.11518,-0.0175723,0.682292
-0.1100,1.1131,-0.0173983,0.833515
-0.1050,1.11202,-0.0172133,0.956444
-0.1000,1.11091,-0.0170466,1.05152
-0.0950,1.10727,-0.0168563,1.1915
-0.0900,1.10104,-0.0166531,1.33932
-0.0850,1.09281,-0.0163877,1.4839
-0.0800,1.08379,-0.0161101,1.61546
-0.0750,1.07634,-0.0158277,1.73444
-0.0700,1.069,-0.0155449,1.83347
-0.0650,1.0591,-0.0152573,1.95482
-0.0600,1.04854,-0.0149657,2.0801
-0.0550,1.03697,-0.0146682,2.22177
-0.0500,1.02448,-0.0143318,2.35032
-0.0450,1.0135,-0.0139912,2.45945
-0.0400,1.0008,-0.013644,2.56662
-0.0350,0.988828,-0.0133279,2.65535
-0.0300,0.975966,-0.0130193,2.74434
-0.0250,0.960065,-0.0127139,2.8523
-0.0200,0.945468,-0.0124072,2.96077
-0.0150,0.930504,-0.0121039,3.05729
-0.0100,0.914801,-0.0118089,3.14716
-0.0050,0.900843,-0.0115089,3.22425
0.0000,0.887548,-0.0111978,3.28725
0.0050,0.872669,-0.0109028,3.35005
0.0100,0.858969,-0.0106254,3.4102
0.0150,0.843031,-0.0103396,3.46831
0.0200,0.825352,-0.0100472,3.52641
0.0250,0.807141,-0.00974991,3.57656
0.0300,0.788903,-0.00947131,3.62663
0.0350,0.772343,-0.00920755,3.67335
0.0400,0.75742,-0.00893025,3.71107
0.0450,0.738933,-0.00864687,3.74289
0.0500,0.719472,-0.00834595,3.76882
0.0550,0.697826,-0.00803523,3.78048
0.0600,0.673,-0.00771988,3.78951
0.0650,0.649454,-0.0074436,3.79518
0.0700,0.628745,-0.00716288,3.7913
0.0750,0.61024,-0.00686304,3.78237
0.0800,0.592892,-0.00657487,3.7778
0.0850,0.572315,-0.00629645,3.76747
0.0900,0.551934,-0.0060282,3.75611
0.0950,0.532307,-0.0057757,3.74033
0.1000,0.518325,-0.0055373,3.71607
0.1050,0.507081,-0.00531057,3.69752
0.1100,0.493871,-0.00509692,3.67137
0.1150,0.475757,-0.00489095,3.64005
0.1200,0.454321,-0.00468629,3.59369
0.1250,0.432311,-0.00449012,3.53847
0.1300,0.410229,-0.00430549,3.47711
0.1350,0.390261,-0.00413137,3.41642
0.1400,0.374344,-0.00396399,3.36115
0.1450,0.361325,-0.00380516,3.3155
0.1500,0.347597,-0.00365743,3.26895
0.1550,0.329616,-0.00352195,3.20758
0.1600,0.311862,-0.00337945,3.13516
0.1650,0.294962,-0.00323515,3.05858
0.1700,0.281297,-0.00310674,2.98375
0.1750,0.270006,-0.00299012,2.92215
0.1800,0.2557,-0.00287573,2.86064
0.1850,0.241716,-0.00276331,2.78658
0.1900,0.225079,-0.00266049,2.71187
0.1950,0.209158,-0.00257727,2.63191
0.2000,0.19564,-0.00251196,2.55444
0.2050,0.182214,-0.00246138,2.48628
0.2100,0.171596,-0.00241832,2.41721
0.2150,0.161418,-0.00236214,2.35775
0.2200,0.148516,-0.00229442,2.2934
0.2250,0.13637,-0.00223756,2.21372
0.2300,0.124271,-0.00219505,2.13927
0.2350,0.112307,-0.00215764,2.06931
0.2400,0.102167,-0.0021264,1.99912
0.2450,0.0945871,-0.00211089,1.93623
0.2500,0.0877431,-0.00210032,1.8766
0.2550,0.0802865,-0.00209068,1.82034
0.2600,0.0711567,-0.00207974,1.76891
0.2650,0.062921,-0.00206879,1.70669
0.2700,0.0551037,-0.00206045,1.64328
0.2750,0.0475472,-0.00205431,1.57895
0.2800,0.0410877,-0.00204396,1.51346
0.2850,0.0354918,-0.00202834,1.45561
0.2900,0.0302813,-0.00200382,1.40103
0.2950,0.0252295,-0.00197368,1.34037
0.3000,0.0192077,-0.00194744,1.2788
0.3050,0.0116805,-0.00192452,1.21053
0.3100,0.00491258,-0.00190647,1.12776
0.3150,-0.000587187,-0.00188467,1.04641
0.3200,-0.00556383,-0.0018546,0.979368
0.3250,-0.0106374,-0.0018146,0.916615
0.3300,-0.0169624,-0.00176675,0.863725
0.3350,-0.021739,-0.00171483,0.796172
0.3400,-0.0256791,-0.00166237,0.731941
0.3450,-0.0288409,-0.00160922,0.66885
0.3500,-0.0305133,-0.0015597,0.616326
0.3550,-0.0319726,-0.00150832,0.580676
0.3600,-0.0328154,-0.00145236,0.537188
0.3650,-0.0348785,-0.00139296,0.491249
0.3700,-0.0369923,-0.00133576,0.428745
0.3750,-0.0392128,-0.00127858,0.357349
0.3800,-0.0408434,-0.00121732,0.285624
0.3850,-0.0424612,-0.00115749,0.218675
0.3900,-0.0440683,-0.00109487,0.159814
0.3950,-0.045102,-0.001027,0.111221
0.4000,-0.0462735,-0.000955829,0.076388
0.4050,-0.0463508,-0.000889598,0.0194648
0.4100,-0.0456523,-0.00082491,-0.039485
0.4150,-0.0446407,-0.000760032,-0.102426
0.4200,-0.043604,-0.000695664,-0.162147
0.4250,-0.0423916,-0.000635868,-0.20682
0.4300,-0.0404307,-0.000581626,-0.256981
0.4350,-0.0383784,-0.00052703,-0.312077
0.4400,-0.0363514,-0.000476075,-0.37256
0.4450,-0.0338238,-0.000437916,-0.437677
0.4500,-0.0313627,-0.000406311,-0.500256
0.4550,-0.0284049,-0.000378828,-0.560677
0.4600,-0.0252956,-0.000351488,-0.620318
0.4650,-0.022032,-0.000318691,-0.673276
0.4700,-0.0186015,-0.000288363,-0.726369
0.4750,-0.0150289,-0.000260614,-0.78049
0.4800,-0.0113381,-0.000235506,-0.83656
0.4850,-0.00755478,-0.000213246,-0.895473
0.4900,-0.00370391,-0.000193919,-0.95812
0.4950,5.01503e-05,-0.00017759,-1.02299
0.5000,5.01503e-05,-0.000167823,-1.02299
